Image Pair,Similarity Score
love and conflict,0.4976110005584792
love and death,0.48354120387155625
love and family,0.4796571130641143
death and conflict,0.46578210222779115
family and death,0.45494977283497434
family and conflict,0.3906998510980445
